ticker,company,country,industry
1,Commerzbank AG,Germany,Banks
2,DHL Group,Germany,Transportation
3,E.ON SE,Germany,Utilities
4,McKesson Europe AG,Germany,HealthCareEquipmentServices
5,Heidelberg Materials AG,Germany,Materials
6,MAN SE,Germany,CapitalGoods
7,Merck KGaA,Germany,PharmaceuticalsBiotechnologyLifeSciences
8,CECONOMY AG,Germany,HotelsRestaurantsConsumerServices
9,RWE AG,Germany,Utilities
10,Siemens AG,Germany,CapitalGoods
11,thyssenkrupp AG,Germany,Materials
12,TUI AG,Germany,HotelsRestaurantsConsumerServices
13,Accor SA,France,HotelsRestaurantsConsumerServices
14,Air France-KLM,France,Transportation
15,Atos SE,France,SoftwareServices
16,Societe BIC SA,France,CommercialProfessionalServices
17,BNP Paribas SA,France,Banks
18,Capgemini SE,France,SoftwareServices
19,Carrefour SA,France,HotelsRestaurantsConsumerServices
20,Casino Guichard Perrachon SA,France,HotelsRestaurantsConsumerServices
21,Christian Dior SE,France,HotelsRestaurantsConsumerServices
22,Credit Agricole SA,France,Banks
23,Imerys SA,France,Materials
24,Quadient SA,France,TechnologyHardwareEquipment
25,Safran SA,France,CapitalGoods
26,Societe Generale SA,France,Banks
27,Thales SA,France,CapitalGoods
28,Vinci SA,France,CapitalGoods
29,Veolia Environnement SA,France,Utilities
30,AstraZeneca PLC,UK,PharmaceuticalsBiotechnologyLifeSciences
31,BAE Systems PLC,UK,CapitalGoods
32,Barclays PLC,UK,Banks
33,Capita PLC,UK,CommercialProfessionalServices
34,Centrica PLC,UK,Utilities
35,Compass Group PLC,UK,HotelsRestaurantsConsumerServices
36,De La Rue PLC,UK,CommercialProfessionalServices
37,Firstgroup PLC,UK,Transportation
38,HSBC Holdings PLC,UK,Banks
39,Inchcape PLC,UK,HotelsRestaurantsConsumerServices
40,Intertek Group PLC,UK,CommercialProfessionalServices
41,Lloyds Banking Group PLC,UK,Banks
42,Marks & Spencer Group PLC,UK,HotelsRestaurantsConsumerServices
43,Meggitt PLC,UK,CapitalGoods
44,Wm Morrison Supermarkets PLC,UK,HotelsRestaurantsConsumerServices
45,Pearson PLC,UK,HotelsRestaurantsConsumerServices
46,Pennon Group PLC,UK,Utilities
47,RELX PLC,UK,CommercialProfessionalServices
48,Rentokil Initial PLC,UK,CommercialProfessionalServices
49,Sage Group PLC/The,UK,SoftwareServices
50,SSE PLC,UK,Utilities
51,Spectris PLC,UK,TechnologyHardwareEquipment
52,Taylor Wimpey PLC,UK,HotelsRestaurantsConsumerServices
53,Tesco PLC,UK,HotelsRestaurantsConsumerServices
54,Travis Perkins PLC,UK,CapitalGoods
55,United Utilities Group PLC,UK,Utilities
56,Ryanair Holdings PLC,Italy,Transportation
57,ACEA SpA,Italy,Utilities
58,A2A SpA,Italy,Utilities
59,Autogrill SpA,Italy,HotelsRestaurantsConsumerServices
60,Atlantia SpA,Italy,Transportation
61,Intesa Sanpaolo SpA,Italy,Banks
62,You have found the false company. Remove me!,Italy,???
63,Enel SpA,Italy,Utilities
64,Leonardo SpA,Italy,CapitalGoods
65,Mediobanca Banca di Credito Finanziario SpA,Italy,Banks
66,Snam SpA,Italy,Utilities
67,UniCredit SpA,Italy,Banks
68,Atlas Copco AB,Sweden,CapitalGoods
69,Electrolux AB,Sweden,HotelsRestaurantsConsumerServices
70,Telefonaktiebolaget LM Ericsson,Sweden,TechnologyHardwareEquipment
71,Swedbank AB,Sweden,Banks
72,Getinge AB,Sweden,HealthCareEquipmentServices
73,H & M Hennes & Mauritz AB,Sweden,HotelsRestaurantsConsumerServices
74,Holmen AB,Sweden,Materials
75,Skandinaviska Enskilda Banken AB,Sweden,Banks
76,Svenska Handelsbanken AB,Sweden,Banks
77,Heidelberger Druckmaschinen AG,Germany,CapitalGoods
78,SGL Carbon SE,Germany,CapitalGoods
79,SEB SA,France,HotelsRestaurantsConsumerServices
80,AVEVA Group PLC,UK,SoftwareServices
81,Burberry Group PLC,UK,HotelsRestaurantsConsumerServices
82,Vesuvius PLC,UK,CapitalGoods
83,Wincanton PLC,UK,Transportation
84,Webuild SpA,Italy,CapitalGoods
85,Tod's SpA,Italy,HotelsRestaurantsConsumerServices
86,Draegerwerk AG & Co KGaA,Germany,HealthCareEquipmentServices
87,Avenir Telecom,France,HotelsRestaurantsConsumerServices
88,Claranova SE,France,SoftwareServices
89,Cast SA,France,SoftwareServices
90,Coil,France,Materials
91,Egide SA,France,TechnologyHardwareEquipment
92,Keyrus,France,SoftwareServices
93,Wavestone,France,SoftwareServices
94,Transgene SA,France,PharmaceuticalsBiotechnologyLifeSciences
95,DS Smith PLC,UK,Materials
96,Elekta AB,Sweden,HealthCareEquipmentServices
97,Fresenius SE & Co KGaA,Germany,HealthCareEquipmentServices
98,Axfood AB,Sweden,HotelsRestaurantsConsumerServices
99,N Brown Group PLC,UK,HotelsRestaurantsConsumerServices
100,Ramsay Generale de Sante SA,France,HealthCareEquipmentServices
101,Go-Ahead Group PLC/The,UK,Transportation
102,MAN SE,Germany,CapitalGoods
103,Rottneros AB,Sweden,Materials
104,Greggs PLC,UK,HotelsRestaurantsConsumerServices
105,Headlam Group PLC,UK,HotelsRestaurantsConsumerServices
106,Marshalls PLC,UK,Materials
107,Victrex PLC,UK,Materials
108,Buzzi SpA,Italy,Materials
109,Recordati Industria Chimica e Farmaceutica SpA,Italy,PharmaceuticalsBiotechnologyLifeSciences
110,SAS AB,Sweden,Transportation
111,Logwin AG,Germany,Transportation
112,Terna - Rete Elettrica Nazionale,Italy,Utilities
113,Volvo AB,Sweden,CapitalGoods
114,Anoto Group AB,Sweden,TechnologyHardwareEquipment
115,Banco di Desio e della Brianza SpA,Italy,Banks
116,Renewi PLC,UK,CommercialProfessionalServices
117,Salzgitter AG,Germany,Materials
118,Orron Energy ab,Sweden,Utilities
119,Amplifon SpA,Italy,HealthCareEquipmentServices
120,Babcock International Group PLC,UK,CapitalGoods
121,Berkeley Group Holdings PLC,UK,HotelsRestaurantsConsumerServices
122,Eramet SA,France,Materials
123,Geox SpA,Italy,HotelsRestaurantsConsumerServices
124,Rheinmetall AG,Germany,CapitalGoods
125,Boliden AB,Sweden,Materials
126,HUGO BOSS AG,Germany,HotelsRestaurantsConsumerServices
127,Telefonaktiebolaget LM Ericsson,Sweden,TechnologyHardwareEquipment
128,Ashtead Group PLC,UK,CapitalGoods
129,Mersen SA,France,CapitalGoods
130,ERG SpA,Italy,Utilities
131,MTU Aero Engines AG,Germany,CapitalGoods
132,Interpump Group SpA,Italy,CapitalGoods
133,K+S AG,Germany,Materials
134,Teleperformance SE,France,CommercialProfessionalServices
135,Hexagon AB,Sweden,TechnologyHardwareEquipment
136,Evoke PLC,UK,HotelsRestaurantsConsumerServices
137,Genus PLC,UK,PharmaceuticalsBiotechnologyLifeSciences
138,Bechtle AG,Germany,SoftwareServices
139,MorphoSys AG,Germany,PharmaceuticalsBiotechnologyLifeSciences
140,QinetiQ Group PLC,UK,CapitalGoods
141,Melrose Industries PLC,UK,CapitalGoods
142,BTS Group AB,Sweden,CommercialProfessionalServices
143,Sixt SE,Germany,Transportation
144,Legrand SA,France,CapitalGoods
145,Arkema SA,France,Materials
146,FUCHS SE,Germany,Materials
147,Husqvarna AB,Sweden,CapitalGoods
148,Aeroports de Paris SA,France,Transportation
149,SThree PLC,UK,CommercialProfessionalServices
150,Kloeckner & Co SE,Germany,CapitalGoods
151,Chemring Group PLC,UK,CapitalGoods
152,Wirecard AG,Germany,CommercialProfessionalServices
153,Deutz AG,Germany,CapitalGoods
154,Eurotech SpA,Italy,TechnologyHardwareEquipment
155,Senior PLC,UK,CapitalGoods
156,Rational AG,Germany,CapitalGoods
157,Rexel SA,France,CapitalGoods
158,Prysmian SpA,Italy,CapitalGoods
159,CompuGroup Medical SE & Co KgaA,Germany,HealthCareEquipmentServices
160,Biotest AG,Germany,PharmaceuticalsBiotechnologyLifeSciences
161,Esken Ltd,UK,Transportation
162,Getlink SE,France,Transportation
163,Gerresheimer AG,Germany,PharmaceuticalsBiotechnologyLifeSciences
164,Aeffe SpA,Italy,HotelsRestaurantsConsumerServices
165,DiaSorin SpA,Italy,HealthCareEquipmentServices
166,Italmobiliare SpA,Italy,CapitalGoods
167,Parrot SA,France,TechnologyHardwareEquipment
168,SSAB AB,Sweden,Materials
169,Betsson AB,Sweden,HotelsRestaurantsConsumerServices
170,MS Industrie AG,Germany,CapitalGoods
171,FUCHS SE,Germany,Materials
172,Bureau Veritas SA,France,CommercialProfessionalServices
173,Eurokai GmbH & Co KGaA,Germany,Transportation
174,Hamburger Hafen und Logistik AG,Germany,Transportation
175,BioMerieux,France,HealthCareEquipmentServices
176,Suez SA,France,Utilities
177,Derichebourg SA,France,CommercialProfessionalServices
178,ICA Gruppen AB,Sweden,HotelsRestaurantsConsumerServices
179,Dechra Pharmaceuticals PLC,UK,PharmaceuticalsBiotechnologyLifeSciences
180,James Fisher & Sons PLC,UK,Transportation
181,Banco di Desio e della Brianza SpA,Italy,Banks
182,GL Events SACA,France,CommercialProfessionalServices
183,PLC SpA,Italy,CapitalGoods
184,Cegedim SA,France,HealthCareEquipmentServices
185,Biotest AG,Germany,PharmaceuticalsBiotechnologyLifeSciences
186,KME Group SpA,Italy,Materials
187,KME Group SpA,Italy,Materials
188,Sartorius AG,Germany,PharmaceuticalsBiotechnologyLifeSciences
189,Be Shaping the Future SpA,Italy,SoftwareServices
190,Pierrel SpA,Italy,PharmaceuticalsBiotechnologyLifeSciences
191,Softlab SpA,Italy,SoftwareServices
192,Eurobio Scientific SA,France,PharmaceuticalsBiotechnologyLifeSciences
193,Beijer Ref AB,Sweden,CapitalGoods
194,Swedish Orphan Biovitrum AB,Sweden,PharmaceuticalsBiotechnologyLifeSciences
195,Clarkson PLC,UK,Transportation
196,Cewe Stiftung & Co KGAA,Germany,CommercialProfessionalServices
197,Datalogic SpA,Italy,TechnologyHardwareEquipment
198,Sartorius Stedim Biotech,France,PharmaceuticalsBiotechnologyLifeSciences
199,De' Longhi SpA,Italy,HotelsRestaurantsConsumerServices
200,Duerr AG,Germany,CapitalGoods
201,Gesco SE,Germany,CapitalGoods
202,Hill & Smith PLC,UK,Materials
203,Indutrade AB,Sweden,CapitalGoods
204,Karo Pharma AB,Sweden,PharmaceuticalsBiotechnologyLifeSciences
205,KNOW IT AB,Sweden,SoftwareServices
206,KSB SE & Co KGaA,Germany,CapitalGoods
207,Investment AB Latour,Sweden,CapitalGoods
208,Medivir AB,Sweden,PharmaceuticalsBiotechnologyLifeSciences
209,NCC Group PLC,UK,SoftwareServices
210,New Wave Group AB,Sweden,HotelsRestaurantsConsumerServices
211,Nibe Industrier AB,Sweden,CapitalGoods
212,Reno de Medici SpA,Italy,Materials
213,Robert Walters PLC,UK,CommercialProfessionalServices
214,Sabaf SpA,Italy,HotelsRestaurantsConsumerServices
215,STRATEC SE,Germany,HealthCareEquipmentServices
216,SOL SpA,Italy,Materials
217,Stef SA,France,Transportation
218,Studsvik AB,Sweden,CommercialProfessionalServices
219,Touax SCA-SGTR-CITE-SGT-CMTE-TAF-SLM Touage Investissments Reunies,France,Transportation
220,KSB SE & Co KGaA,Germany,CapitalGoods
221,Technotrans SE,Germany,CapitalGoods
222,Acinque SpA,Italy,Utilities
223,Autostrade Meridionali SpA,Italy,Transportation
224,Borgosesia SpA,Italy,CapitalGoods
225,Cembre SpA,Italy,CapitalGoods
226,El.En. SpA,Italy,HealthCareEquipmentServices
227,Emak SpA,Italy,HotelsRestaurantsConsumerServices
228,FNM SpA,Italy,Transportation
229,Gefran SpA,Italy,TechnologyHardwareEquipment
230,I Grandi Viaggi SpA,Italy,HotelsRestaurantsConsumerServices
231,Rosss SpA,Italy,CommercialProfessionalServices
232,Greenthesis SpA,Italy,CommercialProfessionalServices
233,AlgoWatt SpA,Italy,TechnologyHardwareEquipment
234,Vincenzo Zucchi SpA,Italy,HotelsRestaurantsConsumerServices
235,Brenntag SE,Germany,CapitalGoods
236,Byggmax Group AB,Sweden,HotelsRestaurantsConsumerServices
237,Ocado Group PLC,UK,HotelsRestaurantsConsumerServices
238,Tesmec SpA,Italy,CapitalGoods
239,PSI Software SE,Germany,SoftwareServices
240,REALTECH AG,Germany,SoftwareServices
241,UmweltBank AG,Germany,Banks
242,MBB SE,Germany,CapitalGoods
243,GHP Specialty Care AB,Sweden,HealthCareEquipmentServices
244,Surteco Group SE,Germany,HotelsRestaurantsConsumerServices
245,Laboratoires Euromedis,France,HealthCareEquipmentServices
246,Bigben Interactive,France,HotelsRestaurantsConsumerServices
247,Encavis AG,Germany,Utilities
248,Groupe Guillin,France,Materials
249,Eolus Vind AB,Sweden,CapitalGoods
250,4SC AG,Germany,PharmaceuticalsBiotechnologyLifeSciences
251,Young & Co's Brewery PLC,UK,HotelsRestaurantsConsumerServices
252,Breedon Group Ltd,UK,Materials
253,Vitec Software Group AB,Sweden,SoftwareServices
254,Doro AB,Sweden,TechnologyHardwareEquipment
255,Nabaltec AG,Germany,Materials
256,Caisse Regionale de Credit Agricole Mutuel Nord de France,France,Banks
257,Tessi SA,France,SoftwareServices
258,Cie de L'Odet SE,France,Transportation
259,iomart Group PLC,UK,SoftwareServices
260,Precise Biometrics AB,Sweden,SoftwareServices
261,Viscom AG,Germany,TechnologyHardwareEquipment
262,Cellavision AB,Sweden,HealthCareEquipmentServices
263,Exail Technologies SA,France,CapitalGoods
264,Mastrad SA,France,HotelsRestaurantsConsumerServices
265,Mobotix AG,Germany,TechnologyHardwareEquipment
266,IAR Systems Group AB,Sweden,SoftwareServices
267,Rizzo Group AB,Sweden,HotelsRestaurantsConsumerServices
268,Artefact SA,France,CommercialProfessionalServices
269,Archos,France,TechnologyHardwareEquipment
270,Orege SA,France,CommercialProfessionalServices
271,Paion AG,Germany,PharmaceuticalsBiotechnologyLifeSciences
272,Impact Coatings AB,Sweden,CapitalGoods
273,Ogunsen AB,Sweden,CommercialProfessionalServices
274,Mediclin AG,Germany,HealthCareEquipmentServices
275,Proteome Sciences PLC,UK,PharmaceuticalsBiotechnologyLifeSciences
276,Washtec AG,Germany,CapitalGoods
277,JET2 PLC,UK,Transportation
278,Leifheit AG,Germany,HotelsRestaurantsConsumerServices
279,R Stahl AG,Germany,CapitalGoods
280,SMT Scharf AG,Germany,CapitalGoods
281,CANCOM SE,Germany,SoftwareServices
282,Hawesko Holding SE,Germany,HotelsRestaurantsConsumerServices
283,Nexus AG,Germany,HealthCareEquipmentServices
284,LPKF Laser & Electronics SE,Germany,TechnologyHardwareEquipment
285,MPH Health Care AG,Germany,PharmaceuticalsBiotechnologyLifeSciences
286,James Halstead PLC,UK,CapitalGoods
287,CareTech Holdings PLC,UK,HealthCareEquipmentServices
288,Elon AB,Sweden,HotelsRestaurantsConsumerServices
289,ImmuPharma PLC,UK,PharmaceuticalsBiotechnologyLifeSciences
290,Webuild SpA,Italy,CapitalGoods
291,Trifast PLC,UK,CapitalGoods
292,Heidelberg Pharma AG,Germany,PharmaceuticalsBiotechnologyLifeSciences
293,TC Unterhaltungselektronik AG,Germany,HotelsRestaurantsConsumerServices
294,7C Solarparken AG,Germany,Utilities
295,Tas Tecnologia Avanzata dei Sistemi SpA,Italy,SoftwareServices
296,Nederman Holding AB,Sweden,CapitalGoods
297,GFT Technologies SE,Germany,SoftwareServices
298,Axichem AB,Sweden,Materials
299,Nynomic AG,Germany,TechnologyHardwareEquipment
300,mVISE AG,Germany,SoftwareServices
301,Irce SpA,Italy,CapitalGoods
302,Alliance Pharma PLC,UK,PharmaceuticalsBiotechnologyLifeSciences
303,XANO Industri AB,Sweden,CapitalGoods
304,Concejo AB,Sweden,CapitalGoods
305,Multiq International AB,Sweden,TechnologyHardwareEquipment
306,Begbies Traynor Group PLC,UK,CommercialProfessionalServices
307,ORAPI,France,Materials
308,Coats Group PLC,UK,HotelsRestaurantsConsumerServices
309,Ortivus AB,Sweden,HealthCareEquipmentServices
310,Colas SA,France,CapitalGoods
311,Plastiques Du Val De Loire,France,Materials
312,Envea SA,France,TechnologyHardwareEquipment
313,Solutions 30 SE,France,SoftwareServices
314,Prodware,France,SoftwareServices
315,NSE,France,CapitalGoods
316,Valerio Therapeutics,France,PharmaceuticalsBiotechnologyLifeSciences
317,Gaussin,France,CapitalGoods
318,Fagerhult Group AB,Sweden,CapitalGoods
319,Sweco AB,Sweden,CapitalGoods
320,Trilogiq,France,CapitalGoods
321,Clasquin SA,France,Transportation
322,Voyageurs du Monde,France,HotelsRestaurantsConsumerServices
323,genOway SA,France,PharmaceuticalsBiotechnologyLifeSciences
324,GB Group PLC,UK,SoftwareServices
325,Profilgruppen AB,Sweden,Materials
326,AFC Energy PLC,UK,CapitalGoods
327,AQ Group AB,Sweden,CapitalGoods
328,Steico SE,Germany,CapitalGoods
329,HELMA Eigenheimbau AG,Germany,HotelsRestaurantsConsumerServices
330,Oeneo SA,France,Materials
331,Cellectis SA,France,PharmaceuticalsBiotechnologyLifeSciences
332,Bergs Timber AB,Sweden,Materials
333,Wedia SA,France,SoftwareServices
334,Salvatore Ferragamo SpA,Italy,HotelsRestaurantsConsumerServices
335,Nelly Group AB,Sweden,HotelsRestaurantsConsumerServices
336,RIB Software SE,Germany,SoftwareServices
337,AroCell AB,Sweden,PharmaceuticalsBiotechnologyLifeSciences
338,Norma Group SE,Germany,CapitalGoods
339,Datron AG,Germany,CapitalGoods
340,Moncler SpA,Italy,HotelsRestaurantsConsumerServices
341,Karolinska Development AB,Sweden,PharmaceuticalsBiotechnologyLifeSciences
342,Dedicare AB,Sweden,HealthCareEquipmentServices
343,Verallia SA,France,Materials
344,Evonik Industries AG,Germany,Materials
345,Concentric AB,UK,CapitalGoods
346,Axway Software SA,France,SoftwareServices
347,Adler Modemaerkte AG,Germany,HotelsRestaurantsConsumerServices
348,Boule Diagnostics AB,Sweden,HealthCareEquipmentServices
349,Learning Technologies Group PLC,UK,CommercialProfessionalServices
350,Visiomed Group SACA,France,HealthCareEquipmentServices
351,Sesa SpA,Italy,TechnologyHardwareEquipment
352,Smart Metering Systems PLC,UK,CommercialProfessionalServices
353,Cirata PLC,UK,SoftwareServices
354,Sqli SA,France,SoftwareServices
355,Nanobiotix SA,France,PharmaceuticalsBiotechnologyLifeSciences
356,Clinigen Group Plc,UK,PharmaceuticalsBiotechnologyLifeSciences
357,Pan African Resources PLC,UK,Materials
358,OSRAM Licht AG,Germany,CapitalGoods
359,Spineway,France,HealthCareEquipmentServices
360,DIAMYD MEDICAL AB,Sweden,PharmaceuticalsBiotechnologyLifeSciences
361,Ekinops SAS,France,TechnologyHardwareEquipment
362,KION Group AG,Germany,CapitalGoods
363,Fnac Darty SA,France,HotelsRestaurantsConsumerServices
364,Italia Independent Group SpA,Italy,HotelsRestaurantsConsumerServices
365,Tonner Drones,France,CapitalGoods
366,Foresight Solar Fund Ltd,UK,Materials
367,International Distributions Services PLC,UK,Transportation
368,Grafton Group PLC,UK,CapitalGoods
369,Innovatec SpA,Italy,CapitalGoods
370,Neolife SADIR,France,CommercialProfessionalServices
371,FIGEAC-AERO,France,CapitalGoods
372,BIMobject AB,Sweden,SoftwareServices
373,Expert.ai SpA,Italy,SoftwareServices
374,4d pharma plc,UK,PharmaceuticalsBiotechnologyLifeSciences
375,NIOX GROUP PLC,UK,PharmaceuticalsBiotechnologyLifeSciences
376,AO World PLC,UK,HotelsRestaurantsConsumerServices
377,Oncodesign,France,PharmaceuticalsBiotechnologyLifeSciences
378,Doxa AB,Sweden,CapitalGoods
379,FinecoBank Banca Fineco SpA,Italy,Banks
380,OptiCept Technologies AB,Sweden,CapitalGoods
381,Flowtech Fluidpower plc,UK,CapitalGoods
382,Stabilus SE,Germany,CapitalGoods
383,Wizz Air Holdings Plc,Italy,Transportation
384,Elior Group SA,France,HotelsRestaurantsConsumerServices
385,Fincantieri SpA,Italy,CapitalGoods
386,Scandinavian Enviro Systems AB,Sweden,CommercialProfessionalServices
387,Voltalia SA,France,Utilities
388,Tinexta Spa,Italy,CommercialProfessionalServices
389,Smoove Plc,UK,SoftwareServices
390,Lucibel SA,France,CapitalGoods
391,C4X Discovery Holdings PLC,UK,PharmaceuticalsBiotechnologyLifeSciences
392,Vivoryon Therapeutics NV,Germany,PharmaceuticalsBiotechnologyLifeSciences
393,Absolent Air Care Group AB,Sweden,CapitalGoods
394,Thule Group AB,Sweden,HotelsRestaurantsConsumerServices
395,Indivior PLC,UK,PharmaceuticalsBiotechnologyLifeSciences
396,HSS Hire Group PLC,UK,CapitalGoods
397,Troax Group AB,Sweden,CapitalGoods
398,OSE Immuno,France,PharmaceuticalsBiotechnologyLifeSciences
399,Evolution AB,Sweden,HotelsRestaurantsConsumerServices
400,Tobii AB,Sweden,TechnologyHardwareEquipment
401,Sensorion SA,France,PharmaceuticalsBiotechnologyLifeSciences
402,Banca Sistema SpA,Italy,Banks
403,SaltX Technology Holding AB,Sweden,CapitalGoods
404,Cover 50 SpA,Italy,HotelsRestaurantsConsumerServices
405,Alimak Group AB,Sweden,CapitalGoods
406,Cassiopea SpA,Italy,PharmaceuticalsBiotechnologyLifeSciences
407,Biocorp,France,HealthCareEquipmentServices
408,Aeroporto Guglielmo Marconi Di Bologna SpA,Italy,Transportation
409,Avio SpA,Italy,CapitalGoods
410,Giglio Group SpA,Italy,CapitalGoods
411,Covestro AG,Germany,Materials
412,Bravida Holding AB,Sweden,CommercialProfessionalServices
413,Softcat PLC,UK,SoftwareServices
414,Hemogenyx Pharmaceuticals PLC,UK,PharmaceuticalsBiotechnologyLifeSciences
415,Openjobmetis Spa agenzia per il lavoro,Italy,CommercialProfessionalServices
416,Blue Prism Group plc,UK,SoftwareServices
417,Senvion SA,Germany,CapitalGoods
418,METRO AG,Germany,HotelsRestaurantsConsumerServices
419,Cyxone AB,Sweden,PharmaceuticalsBiotechnologyLifeSciences
420,Acuvi AB,Sweden,CapitalGoods
421,SynAct Pharma AB,Sweden,PharmaceuticalsBiotechnologyLifeSciences
422,Enav SpA,Italy,Transportation
423,Cerinnov Group SA,France,CapitalGoods
424,Abeo SA,France,HotelsRestaurantsConsumerServices
425,Italgas SpA,Italy,Utilities
426,Finchain Capital Partners AG,Germany,HotelsRestaurantsConsumerServices
427,ConvaTec Group PLC,UK,HealthCareEquipmentServices
428,Luceco PLC,UK,CapitalGoods
429,Alligator Bioscience AB,Sweden,PharmaceuticalsBiotechnologyLifeSciences
430,Volati AB,Sweden,CapitalGoods
431,AAC Clyde Space AB,Sweden,CapitalGoods
432,SeaTwirl AB,Sweden,CapitalGoods
433,ProCredit Holding AG,Germany,Banks
434,Banco BPM SpA,Italy,Banks
435,GPI SpA,Italy,HealthCareEquipmentServices
436,Ultimate Products PLC,UK,HotelsRestaurantsConsumerServices
437,Unieuro SpA,Italy,HotelsRestaurantsConsumerServices
438,Prodways Group SA,France,CapitalGoods
439,Indel B SpA,Italy,HotelsRestaurantsConsumerServices
440,Ibu-Tec Advanced Materials AG,Germany,Materials
441,Biovica International AB,Sweden,PharmaceuticalsBiotechnologyLifeSciences
442,Aquafil SpA,Italy,HotelsRestaurantsConsumerServices
443,Instalco AB,Sweden,CapitalGoods
444,Zaplox AB,Sweden,SoftwareServices
445,Balyo SA,France,CapitalGoods
446,Valbiotis SAS,France,PharmaceuticalsBiotechnologyLifeSciences
447,NextCell Pharma AB,Sweden,PharmaceuticalsBiotechnologyLifeSciences
448,Surgical Science Sweden AB,Sweden,HealthCareEquipmentServices
449,Wiit SpA,Italy,SoftwareServices
450,Finlogic SpA,Italy,CommercialProfessionalServices
451,JOST Werke SE,Germany,CapitalGoods
452,SIT SpA,Italy,TechnologyHardwareEquipment
453,XSpray Pharma AB,Sweden,PharmaceuticalsBiotechnologyLifeSciences
454,Ten Lifestyle Group PLC,UK,CommercialProfessionalServices
455,Acconeer AB,Sweden,TechnologyHardwareEquipment
456,Flexqube AB,Sweden,CapitalGoods
457,Siemens Healthineers AG,Germany,HealthCareEquipmentServices
458,Stemmer Imaging AG,Germany,TechnologyHardwareEquipment
459,Epiroc AB,Sweden,CapitalGoods
460,Vente-Unique.Com SA,France,HotelsRestaurantsConsumerServices
461,BHG Group AB,Sweden,HotelsRestaurantsConsumerServices
462,Fluicell AB,Sweden,HealthCareEquipmentServices
463,Fintel Plc,UK,CommercialProfessionalServices
464,STS Group AG,Germany,CapitalGoods
465,NCAB Group AB,Sweden,TechnologyHardwareEquipment
466,Yellow Cake PLC,UK,CapitalGoods
467,Projektengagemang Sweden AB,Sweden,CommercialProfessionalServices
468,2CRSI SACA,France,TechnologyHardwareEquipment
469,Knights Group Holdings PLC,UK,CommercialProfessionalServices
470,Knorr-Bremse AG,Germany,CapitalGoods
471,RELX PLC,UK,CommercialProfessionalServices
472,Ziccum AB,Sweden,PharmaceuticalsBiotechnologyLifeSciences
473,Medincell SA,France,PharmaceuticalsBiotechnologyLifeSciences
474,Linde PLC/old,UK,Materials
475,Q-Linea AB,Sweden,HealthCareEquipmentServices
476,CAG Group AB,Sweden,SoftwareServices
477,Comer Industries SpA,Italy,CapitalGoods
478,Traton SE,Germany,CapitalGoods
479,Adapteo Oyj,Sweden,CapitalGoods
480,Friulchem SpA,Italy,PharmaceuticalsBiotechnologyLifeSciences
481,Talea Group SpA,Italy,HotelsRestaurantsConsumerServices
482,TeamViewer SE,Germany,SoftwareServices
483,Hoffmann Green Cement Technologies SAS,France,Materials
484,Zignsec AB,Sweden,SoftwareServices
485,Cyberoo SpA,Italy,SoftwareServices
486,Matica Fintec SpA,Italy,TechnologyHardwareEquipment
487,SynBiotic SE,Germany,PharmaceuticalsBiotechnologyLifeSciences
488,Sanlorenzo SpA/Ameglia,Italy,HotelsRestaurantsConsumerServices
489,Gismondi 1754 SpA,Italy,HotelsRestaurantsConsumerServices
490,Ryanair Holdings PLC,Italy,Transportation
491,Mediobanca Banca di Credito Finanziario SpA,Italy,Banks
492,Metro Bank Holdings PLC,UK,Banks
